{
	"credit": "Made with Blockbench",
	"textures": {
		"0": "block/ruby_ore",
		"particle": "block/ruby_ore"
	},
	"elements": [
		{
			"from": [0, 0, 0],
			"to": [16, 16, 16],
			"faces": {
				"north": {"uv": [0, 0, 16, 16], "texture": "#0"},
				"east": {"uv": [0, 0, 16, 16], "texture": "#0"},
				"south": {"uv": [0, 0, 16, 16], "texture": "#0"},
				"west": {"uv": [0, 0, 16, 16], "texture": "#0"},
				"up": {"uv": [0, 0, 16, 16], "texture": "#0"},
				"down": {"uv": [0, 0, 16, 16], "texture": "#0"}
			}
		}
	],
	"display": {
		"thirdperson_righthand": {
			"scale": [1.0, 1.0, 1.0]
		},
		"thirdperson_lefthand": {
			"scale": [1.0, 1.0, 1.0]
		},
		"firstperson_righthand": {
			"scale": [1.0, 1.0, 1.0]
		},
		"firstperson_lefthand": {
			"scale": [1.0, 1.0, 1.0]
		},
		"ground": {
			"scale": [0.3, 0.3, 0.3]
		},
		"gui": {
			"rotation": [45, 45, 0],
			"scale": [0.65, 0.65, 0.65]
		},
		"head": {
			"translation": [0, -30.75, 0],
			"scale": [1.65, 1.65, 1.65]
		},
		"fixed": {
			"scale": [1.0, 1.0, 1.0]
		}
	}
}