{
	"credit": "Made with Blockbench",
	"textures": {
		"0": "block/ruby_ore",
		"particle": "block/ruby_ore"
	},
	"elements": [{
		"from": [0, 0, 0],
		"to": [16, 16, 16],
		"faces": {
			"north": {
				"uv": [0, 0, 16, 16],
				"texture": "#0"
			},
			"east": {
				"uv": [0, 0, 16, 16],
				"texture": "#0"
			},
			"south": {
				"uv": [0, 0, 16, 16],
				"texture": "#0"
			},
			"west": {
				"uv": [0, 0, 16, 16],
				"texture": "#0"
			},
			"up": {
				"uv": [0, 0, 16, 16],
				"texture": "#0"
			},
			"down": {
				"uv": [0, 0, 16, 16],
				"texture": "#0"
			}
		}
	}],
	"display": {
		"head": {
			"rotation": [-30, 0, 0],
			"translation": [0, -31, -8],
			"scale": [3.125, 3.125, 3.125]
		}
	}
}